<?xml version="1.0" encoding="utf-8" standalone="yes"?>
<?xml-stylesheet type="text/xsl" href="../../modx.prosilver.en.xsl"?>
<!--For security purposes, please check: http://www.phpbb.com/mods/ for the latest version of this MOD. Although MODs are checked before being allowed in the MODs Database there is no guarantee that there are no security problems within the MOD. No support will be given for MODs not found within the MODs Database which can be found at http://www.phpbb.com/mods/-->
<mod xmlns:xsi="http://www.w3.org/2001/XMLSchema-instance" xmlns="http://www.phpbb.com/mods/xml/modx-1.2.2.xsd">
  <header>
    <license>http://www.gnu.org/licenses/gpl-2.0.html GNU General Public License v2</license>
    <title lang="en-gb">WP-UNITED WordPress - phpBB Integration Mod</title>
    <description lang="en-gb">Tightly integrates phpBB3 and WordPress.</description>
    <author-notes lang="en-gb">Make sure you follow the instructions in the DIY INSTRUCTIONS section, in order for this MOD to work properly!
Visit http://www.wp-united.com for more help or information.
</author-notes>
    <author-group>
      <author>
        <realname>John Wells</realname>
        <email>admin@wp-united.com</email>
        <username>Jhong</username>
        <homepage>www.wp-united.com</homepage>
        <contributions />
      </author>
    </author-group>
    <mod-version>0.6.1RC1</mod-version>
    <installation>
      <level>intermediate</level>
      <time>912</time>
      <target-version>
        <target-primary>3.0.0</target-primary>
        <target-major allow="exact">3</target-major>
        <target-minor allow="exact">0</target-minor>
      </target-version>
    </installation>
    <link-group>
	<link type="parent" href="../../install.xml" lang="en">Main install file</link>
	<link type="template" href="../../templates/prosilver.xml" lang="en">prosilver</link>
	<link type="template" href="../../templates/subsilver2.xml" lang="en">subsilver2</link>
	<link type="language" href="../../languages/de.xml" lang="de">Deutsch</link>
	<link type="language" href="../../languages/es.xml" lang="es">Espanol</link>
	<link type="contrib" href="../convert_from_phpbb2/convert_from_phpbb2.xml" lang="en">Convert from phpBB2</link>
	<link type="contrib" href="../upgrading_from_v0.5.5_or_later/upgrade.xml" lang="en">Upgrading from WP-United v0.5.5 or later</link>
  </link-group>
  </header>

  
  <action-group>
    <copy>
      <file from="/root/blog.php" to="/blog.php" />
      <file from="/root/adm/style/acp_wp_united.php" to="/adm/style/acp_wp_united.php" />
      <file from="/root/includes/acp/acp_wp_united.php" to="/includes/acp/acp_wp_united.php" />
      <file from="/root/includes/acp/info/acp_wp_united.php" to="/includes/acp/info/acp_wp_united.php" />
      <file from="/root/language/en/mods/admin_wp-united.php" to="/language/en/mods/admin_wp-united.php" />
      <file from="/root/language/en/mods/permissions_wp-united.php" to="/language/en/mods/permissions_wp-united.php" />
      <file from="/root/language/en/mods/wp-united.php" to="/language/en/mods/wp-united.php" />
      <file from="/root/styles/prosilver/template/blog.html" to="/styles/prosilver/template/blog.html" />
      <file from="/root/styles/subsilver2/template/blog.html" to="/styles/subsilver2/template/blog.html" />
      <file from="/root/wp-united/*" to="/wp-united/*" />
    </copy>
    <open src="language/en/common.php">
      <edit>
        <find><![CDATA[		'ACP_WPU_RESET'		=> 	'Reset WP-United',
]]></find>
        <action type="after-add"><![CDATA[
	'ACP_WPU_DEBUG'		=>	'Debug Info to Post',
]]></action>
      </edit>
    </open>
    <diy-instructions lang="en-gb">

After making all the edits, you must complete the following steps:

1. Run the wpu-install.php script that you copied to your phpBB root folder, then delete it.

2. Run the Setup Wizard again, under the WP-United tab in your ACP.

For more detailed instructions, please visit http://www.wp-united.com

</diy-instructions>
  </action-group>
</mod>
