<?xml version="1.0" encoding="utf-8" standalone="yes"?>
<?xml-stylesheet type="text/xsl" href="../../modx.prosilver.en.xsl"?>
<!--For security purposes, please check: http://www.phpbb.com/mods/ for the latest version of this MOD. Although MODs are checked before being allowed in the MODs Database there is no guarantee that there are no security problems within the MOD. No support will be given for MODs not found within the MODs Database which can be found at http://www.phpbb.com/mods/-->
<mod xmlns:xsi="http://www.w3.org/2001/XMLSchema-instance" xmlns="http://www.phpbb.com/mods/xml/modx-1.2.2.xsd">
  <header>
    <license>http://www.gnu.org/licenses/gpl-2.0.html GNU General Public License v2</license>
    <title lang="en-gb"><![CDATA[WP-UNITED [PHPBB2 --> phpBB3 user integration converter]]]></title>
    <description lang="en-gb">Tightly integrates phpBB3 and WordPress.</description>
    <author-notes lang="en-gb"><![CDATA[This portion of the mod converts your phpBB2 wp-united to phpBB3.
It is only necessary if you have lots of users that are already integrated, and you want to preserve this during a phpBB2 -> phpBB3 conversion.
If you don't have user integration turned on, you don't need this.
READ THE DIY INSTRUCTIONS AT THE BOTTOM OF THE FILE FIRST!
]]></author-notes>
    <author-group>
      <author>
        <realname>John Wells</realname>
        <email>admin@wp-united.com</email>
        <username>Jhong</username>
        <homepage>www.wp-united.com</homepage>
        <contributions />
      </author>
    </author-group>
    <mod-version>0.6.1RC1</mod-version>
    <installation>
      <level>easy</level>
      <time>60</time>
      <target-version>
        <target-primary>3.0.0</target-primary>
        <target-major allow="exact">3</target-major>
        <target-minor allow="exact">0</target-minor>
      </target-version>
    </installation>
  <link-group>
	<link type="parent" href="../../install.xml" lang="en">Main install file</link>  
	<link type="template" href="../../templates/prosilver.xml" lang="en">prosilver</link>
	<link type="template" href="../../templates/subsilver2.xml" lang="en">subsilver2</link>
	<link type="language" href="../../languages/de.xml" lang="de">Deutsch</link>
	<link type="language" href="../../languages/es.xml" lang="es">Espanol</link>
	<link type="contrib" href="../upgrading_from_v0.5.0_or_v0.5.1/upgrade.xml" lang="en">Upgrading from WP-United v0.5.0 or v0.5.1</link>
	<link type="contrib" href="../upgrading_from_v0.5.5_or_later/upgrade.xml" lang="en">Upgrading from WP-United v0.5.5 or later</link>
  </link-group>  
  </header>
 
  <action-group>
    <open src="/install/convertors/convert_phpbb20.php">
      <edit>
        <find>				array('user_permissions',		'',									''),</find>
        <action type="after-add">				array('user_wpuint_id',			'users.user_wpuint_id',							''),
				array('user_wpublog_id',		'users.user_wpublog_id',						''),	
</action>
      </edit>
    </open>
    <diy-instructions lang="en-gb">
1. First -- install phpBB3 and ensure it is working. Then, install WP-United, then this mod. Don't run the WP-United Setup Wizard yet!

2. Then, disable your phpBB2 board, and run the phpBB2 - phpBB3 convertor. Once completed, run the WP-United install script again.

3. Run the WP-United Setup Wizard, setting everything to how you had it under phpBB2. Remember to review the new WP-United permissions -- they control how users are integrated.

4. Finally, run the user mapping tool, and ensure that the users are mapped correctly.

IMPORTANT -- Before you begin, back everything up! If this is your first time converting to phpBB3,
do a few trial runs of the conversion first, so you can get a feel for how it should work.
</diy-instructions>
  </action-group>
</mod>
